-- ============================================================
-- Flowline — демо-данные
-- Все демо-пользователи имеют пароль: demo1234
-- ============================================================

INSERT INTO organizations (id, name, slug) VALUES
  ('00000000-0000-0000-0000-000000000001', 'Demo Organization', 'demo-org');

INSERT INTO departments (id, organization_id, name, color) VALUES
  ('00000000-0000-0000-0000-0000000000d1', '00000000-0000-0000-0000-000000000001', 'Дизайн', '#9061F9'),
  ('00000000-0000-0000-0000-0000000000d2', '00000000-0000-0000-0000-000000000001', 'Разработка', '#4F5DFF'),
  ('00000000-0000-0000-0000-0000000000d3', '00000000-0000-0000-0000-000000000001', 'Маркетинг', '#E8A33D');

-- Пароль у всех: demo1234
INSERT INTO users (id, email, full_name, initials, avatar_color, password_hash, department_id) VALUES
  ('00000000-0000-0000-0000-00000000p001', 'anna@demo.io',  'Анна',  'АН', '#4F5DFF', '$2b$10$3Uj2e0/KkSfXCFJmmfJvqOT1NozfiYLWbdJUhc5lar5yr6CD8o6Ey', '00000000-0000-0000-0000-0000000000d3'),
  ('00000000-0000-0000-0000-00000000p002', 'dima@demo.io',  'Дима',  'ДМ', '#E8A33D', '$2b$10$3Uj2e0/KkSfXCFJmmfJvqOT1NozfiYLWbdJUhc5lar5yr6CD8o6Ey', '00000000-0000-0000-0000-0000000000d2'),
  ('00000000-0000-0000-0000-00000000p003', 'lena@demo.io',  'Лена',  'ЛН', '#2FB67C', '$2b$10$3Uj2e0/KkSfXCFJmmfJvqOT1NozfiYLWbdJUhc5lar5yr6CD8o6Ey', '00000000-0000-0000-0000-0000000000d1'),
  ('00000000-0000-0000-0000-00000000p004', 'igor@demo.io',  'Игорь', 'ИГ', '#E0567C', '$2b$10$3Uj2e0/KkSfXCFJmmfJvqOT1NozfiYLWbdJUhc5lar5yr6CD8o6Ey', '00000000-0000-0000-0000-0000000000d2'),
  ('00000000-0000-0000-0000-00000000p005', 'sveta@demo.io', 'Света', 'СВ', '#9061F9', '$2b$10$3Uj2e0/KkSfXCFJmmfJvqOT1NozfiYLWbdJUhc5lar5yr6CD8o6Ey', '00000000-0000-0000-0000-0000000000d1');

INSERT INTO organization_members (organization_id, user_id, org_role) VALUES
  ('00000000-0000-0000-0000-000000000001', '00000000-0000-0000-0000-00000000p001', 'owner'),
  ('00000000-0000-0000-0000-000000000001', '00000000-0000-0000-0000-00000000p002', 'member'),
  ('00000000-0000-0000-0000-000000000001', '00000000-0000-0000-0000-00000000p003', 'member'),
  ('00000000-0000-0000-0000-000000000001', '00000000-0000-0000-0000-00000000p004', 'member'),
  ('00000000-0000-0000-0000-000000000001', '00000000-0000-0000-0000-00000000p005', 'member');

-- ---------- Проект 1: Запуск мобильного приложения ----------

INSERT INTO projects (id, organization_id, name, color, created_by) VALUES
  ('00000000-0000-0000-0000-0000000pr001', '00000000-0000-0000-0000-000000000001', 'Запуск мобильного приложения', '#4F5DFF', '00000000-0000-0000-0000-00000000p001');

INSERT INTO project_members (project_id, user_id, role) VALUES
  ('00000000-0000-0000-0000-0000000pr001', '00000000-0000-0000-0000-00000000p001', 'manager'),
  ('00000000-0000-0000-0000-0000000pr001', '00000000-0000-0000-0000-00000000p002', 'collaborator'),
  ('00000000-0000-0000-0000-0000000pr001', '00000000-0000-0000-0000-00000000p003', 'collaborator'),
  ('00000000-0000-0000-0000-0000000pr001', '00000000-0000-0000-0000-00000000p004', 'collaborator');

INSERT INTO work_items (id, project_id, kind, name, start_date, duration_days, status, priority, logged_hours, assignee_id, original_end_date, created_by) VALUES
  ('00000000-0000-0000-0000-00000000t001', '00000000-0000-0000-0000-0000000pr001', 'task', 'Исследование рынка',    CURRENT_DATE - 10, 5,  'completed',   'medium',   32, '00000000-0000-0000-0000-00000000p001', CURRENT_DATE - 4,  '00000000-0000-0000-0000-00000000p001'),
  ('00000000-0000-0000-0000-00000000t002', '00000000-0000-0000-0000-0000000pr001', 'task', 'Дизайн интерфейса',     CURRENT_DATE - 5,  8,  'in_progress', 'high',     26, '00000000-0000-0000-0000-00000000p003', CURRENT_DATE + 5,  '00000000-0000-0000-0000-00000000p001'),
  ('00000000-0000-0000-0000-00000000t003', '00000000-0000-0000-0000-0000000pr001', 'task', 'Разработка API',       CURRENT_DATE - 3,  12, 'in_progress', 'critical', 41, '00000000-0000-0000-0000-00000000p002', CURRENT_DATE + 9,  '00000000-0000-0000-0000-00000000p001'),
  ('00000000-0000-0000-0000-00000000t004', '00000000-0000-0000-0000-0000000pr001', 'task', 'Frontend разработка',  CURRENT_DATE + 4,  10, 'todo',        'high',     0,  '00000000-0000-0000-0000-00000000p004', CURRENT_DATE + 12, '00000000-0000-0000-0000-00000000p001'),
  ('00000000-0000-0000-0000-00000000t005', '00000000-0000-0000-0000-0000000pr001', 'task', 'Интеграция и тесты',   CURRENT_DATE + 12, 6,  'todo',        'medium',   0,  '00000000-0000-0000-0000-00000000p002', CURRENT_DATE + 18, '00000000-0000-0000-0000-00000000p001'),
  ('00000000-0000-0000-0000-00000000t006', '00000000-0000-0000-0000-0000000pr001', 'task', 'Релиз в стор',         CURRENT_DATE + 19, 2,  'todo',        'critical', 0,  '00000000-0000-0000-0000-00000000p001', CURRENT_DATE + 21, '00000000-0000-0000-0000-00000000p001');

INSERT INTO tasks (work_item_id) VALUES
  ('00000000-0000-0000-0000-00000000t001'),
  ('00000000-0000-0000-0000-00000000t002'),
  ('00000000-0000-0000-0000-00000000t003'),
  ('00000000-0000-0000-0000-00000000t004'),
  ('00000000-0000-0000-0000-00000000t005'),
  ('00000000-0000-0000-0000-00000000t006');

INSERT INTO work_items (id, project_id, kind, name, start_date, duration_days, status, priority, logged_hours, assignee_id, original_end_date, created_by) VALUES
  ('00000000-0000-0000-0000-0000000ts001', '00000000-0000-0000-0000-0000000pr001', 'subtask', 'Анализ конкурентов',  CURRENT_DATE - 10, 2, 'completed',   'low',      10, '00000000-0000-0000-0000-00000000p001', CURRENT_DATE - 8, '00000000-0000-0000-0000-00000000p001'),
  ('00000000-0000-0000-0000-0000000ts002', '00000000-0000-0000-0000-0000000pr001', 'subtask', 'Опрос пользователей', CURRENT_DATE - 8,  3, 'completed',   'medium',   18, '00000000-0000-0000-0000-00000000p001', CURRENT_DATE - 5, '00000000-0000-0000-0000-00000000p001'),
  ('00000000-0000-0000-0000-0000000ts003', '00000000-0000-0000-0000-0000000pr001', 'subtask', 'Вайрфреймы',          CURRENT_DATE - 5,  3, 'completed',   'medium',   12, '00000000-0000-0000-0000-00000000p003', CURRENT_DATE - 2, '00000000-0000-0000-0000-00000000p001'),
  ('00000000-0000-0000-0000-0000000ts004', '00000000-0000-0000-0000-0000000pr001', 'subtask', 'UI-кит',              CURRENT_DATE - 2,  5, 'in_progress', 'high',     14, '00000000-0000-0000-0000-00000000p003', CURRENT_DATE + 5, '00000000-0000-0000-0000-00000000p001'),
  ('00000000-0000-0000-0000-0000000ts005', '00000000-0000-0000-0000-0000000pr001', 'subtask', 'Схема БД',            CURRENT_DATE - 3,  3, 'completed',   'high',     9,  '00000000-0000-0000-0000-00000000p002', CURRENT_DATE,     '00000000-0000-0000-0000-00000000p001'),
  ('00000000-0000-0000-0000-0000000ts006', '00000000-0000-0000-0000-0000000pr001', 'subtask', 'Auth-модуль',         CURRENT_DATE,      4, 'in_progress', 'critical', 24, '00000000-0000-0000-0000-00000000p002', CURRENT_DATE + 4, '00000000-0000-0000-0000-00000000p001'),
  ('00000000-0000-0000-0000-0000000ts007', '00000000-0000-0000-0000-0000000pr001', 'subtask', 'Эндпоинты задач',     CURRENT_DATE + 4,  5, 'todo',        'high',     0,  '00000000-0000-0000-0000-00000000p002', CURRENT_DATE + 9, '00000000-0000-0000-0000-00000000p001');

INSERT INTO subtasks (work_item_id, parent_task_id) VALUES
  ('00000000-0000-0000-0000-0000000ts001', '00000000-0000-0000-0000-00000000t001'),
  ('00000000-0000-0000-0000-0000000ts002', '00000000-0000-0000-0000-00000000t001'),
  ('00000000-0000-0000-0000-0000000ts003', '00000000-0000-0000-0000-00000000t002'),
  ('00000000-0000-0000-0000-0000000ts004', '00000000-0000-0000-0000-00000000t002'),
  ('00000000-0000-0000-0000-0000000ts005', '00000000-0000-0000-0000-00000000t003'),
  ('00000000-0000-0000-0000-0000000ts006', '00000000-0000-0000-0000-00000000t003'),
  ('00000000-0000-0000-0000-0000000ts007', '00000000-0000-0000-0000-00000000t003');

INSERT INTO work_item_dependencies (predecessor_id, successor_id) VALUES
  ('00000000-0000-0000-0000-00000000t001', '00000000-0000-0000-0000-00000000t002'),
  ('00000000-0000-0000-0000-00000000t001', '00000000-0000-0000-0000-00000000t003'),
  ('00000000-0000-0000-0000-00000000t002', '00000000-0000-0000-0000-00000000t004'),
  ('00000000-0000-0000-0000-00000000t003', '00000000-0000-0000-0000-00000000t005'),
  ('00000000-0000-0000-0000-00000000t004', '00000000-0000-0000-0000-00000000t005'),
  ('00000000-0000-0000-0000-00000000t005', '00000000-0000-0000-0000-00000000t006'),
  ('00000000-0000-0000-0000-0000000ts001', '00000000-0000-0000-0000-0000000ts002'),
  ('00000000-0000-0000-0000-0000000ts003', '00000000-0000-0000-0000-0000000ts004'),
  ('00000000-0000-0000-0000-0000000ts005', '00000000-0000-0000-0000-0000000ts006'),
  ('00000000-0000-0000-0000-0000000ts006', '00000000-0000-0000-0000-0000000ts007');

-- ---------- Проект 2: Редизайн сайта ----------

INSERT INTO projects (id, organization_id, name, color, created_by) VALUES
  ('00000000-0000-0000-0000-0000000pr002', '00000000-0000-0000-0000-000000000001', 'Редизайн сайта', '#2FB67C', '00000000-0000-0000-0000-00000000p001');

INSERT INTO project_members (project_id, user_id, role) VALUES
  ('00000000-0000-0000-0000-0000000pr002', '00000000-0000-0000-0000-00000000p001', 'manager'),
  ('00000000-0000-0000-0000-0000000pr002', '00000000-0000-0000-0000-00000000p003', 'collaborator'),
  ('00000000-0000-0000-0000-0000000pr002', '00000000-0000-0000-0000-00000000p004', 'collaborator');

INSERT INTO work_items (id, project_id, kind, name, start_date, duration_days, status, priority, logged_hours, assignee_id, original_end_date, created_by) VALUES
  ('00000000-0000-0000-0000-00000000t007', '00000000-0000-0000-0000-0000000pr002', 'task', 'Аудит текущего сайта', CURRENT_DATE - 2, 4, 'in_review', 'medium', 14, '00000000-0000-0000-0000-00000000p003', CURRENT_DATE + 2,  '00000000-0000-0000-0000-00000000p001'),
  ('00000000-0000-0000-0000-00000000t008', '00000000-0000-0000-0000-0000000pr002', 'task', 'Прототипы страниц',   CURRENT_DATE + 2, 6, 'todo',      'medium', 2,  '00000000-0000-0000-0000-00000000p003', CURRENT_DATE + 8,  '00000000-0000-0000-0000-00000000p001'),
  ('00000000-0000-0000-0000-00000000t009', '00000000-0000-0000-0000-0000000pr002', 'task', 'Вёрстка',             CURRENT_DATE + 9, 9, 'todo',      'low',    0,  '00000000-0000-0000-0000-00000000p004', CURRENT_DATE + 18, '00000000-0000-0000-0000-00000000p001'),
  ('00000000-0000-0000-0000-00000000t010', '00000000-0000-0000-0000-0000000pr002', 'task', 'Контент и SEO',       CURRENT_DATE + 5, 7, 'delayed',   'high',   4,  '00000000-0000-0000-0000-00000000p001', CURRENT_DATE + 12, '00000000-0000-0000-0000-00000000p001');

INSERT INTO tasks (work_item_id) VALUES
  ('00000000-0000-0000-0000-00000000t007'),
  ('00000000-0000-0000-0000-00000000t008'),
  ('00000000-0000-0000-0000-00000000t009'),
  ('00000000-0000-0000-0000-00000000t010');

INSERT INTO work_item_dependencies (predecessor_id, successor_id) VALUES
  ('00000000-0000-0000-0000-00000000t007', '00000000-0000-0000-0000-00000000t008'),
  ('00000000-0000-0000-0000-00000000t008', '00000000-0000-0000-0000-00000000t009'),
  ('00000000-0000-0000-0000-00000000t007', '00000000-0000-0000-0000-00000000t010');

-- ---------- Проект 3: Внутренняя CRM ----------

INSERT INTO projects (id, organization_id, name, color, created_by) VALUES
  ('00000000-0000-0000-0000-0000000pr003', '00000000-0000-0000-0000-000000000001', 'Внутренняя CRM', '#E8A33D', '00000000-0000-0000-0000-00000000p001');

INSERT INTO project_members (project_id, user_id, role) VALUES
  ('00000000-0000-0000-0000-0000000pr003', '00000000-0000-0000-0000-00000000p001', 'manager'),
  ('00000000-0000-0000-0000-0000000pr003', '00000000-0000-0000-0000-00000000p002', 'collaborator'),
  ('00000000-0000-0000-0000-0000000pr003', '00000000-0000-0000-0000-00000000p004', 'collaborator');

INSERT INTO work_items (id, project_id, kind, name, start_date, duration_days, status, priority, logged_hours, assignee_id, original_end_date, created_by) VALUES
  ('00000000-0000-0000-0000-00000000t011', '00000000-0000-0000-0000-0000000pr003', 'task', 'Сбор требований',    CURRENT_DATE - 15, 6,  'completed', 'medium',   22, '00000000-0000-0000-0000-00000000p001', CURRENT_DATE - 9,  '00000000-0000-0000-0000-00000000p001'),
  ('00000000-0000-0000-0000-00000000t012', '00000000-0000-0000-0000-0000000pr003', 'task', 'Схема базы данных',  CURRENT_DATE - 9,  4,  'completed', 'high',     15, '00000000-0000-0000-0000-00000000p002', CURRENT_DATE - 5,  '00000000-0000-0000-0000-00000000p001'),
  ('00000000-0000-0000-0000-00000000t013', '00000000-0000-0000-0000-0000000pr003', 'task', 'Backend модули',     CURRENT_DATE - 5,  14, 'blocked',   'critical', 38, '00000000-0000-0000-0000-00000000p002', CURRENT_DATE + 5,  '00000000-0000-0000-0000-00000000p001'),
  ('00000000-0000-0000-0000-00000000t014', '00000000-0000-0000-0000-0000000pr003', 'task', 'Админ-панель',       CURRENT_DATE + 2,  9,  'todo',      'medium',   0,  '00000000-0000-0000-0000-00000000p004', CURRENT_DATE + 11, '00000000-0000-0000-0000-00000000p001');

INSERT INTO tasks (work_item_id) VALUES
  ('00000000-0000-0000-0000-00000000t011'),
  ('00000000-0000-0000-0000-00000000t012'),
  ('00000000-0000-0000-0000-00000000t013'),
  ('00000000-0000-0000-0000-00000000t014');

INSERT INTO work_item_dependencies (predecessor_id, successor_id) VALUES
  ('00000000-0000-0000-0000-00000000t011', '00000000-0000-0000-0000-00000000t012'),
  ('00000000-0000-0000-0000-00000000t012', '00000000-0000-0000-0000-00000000t013'),
  ('00000000-0000-0000-0000-00000000t012', '00000000-0000-0000-0000-00000000t014');
